100,14.3178,17.4642,16,15,12.1655,14.1421,14.2127,14.0357,14.4222,14.2127,14.1421,15.1327,12.0416,14.3178,11.4018,18.868,14.1421,15.2643,15.8114,13.4536
200,19.2094,29.0689,23.0868,20.6155,18,19.2094,19.105,22.2036,22.3607,19.4165,21.4009,23.3452,24.7386,20.3961,19,22.0227,18.4391,24.0416,21.1896,20
300,25.4951,35.1283,28.4429,29.0689,24.0832,26.0768,24.6982,28.4605,30.2655,24.4131,28.0179,28.2843,35.3553,27.2947,26.4764,25.4951,23.0217,30.4138,25.7099,29.1548
400,28.8444,37.3363,33.7343,33.3017,28.6356,31.6228,29.0689,33.541,37.9473,29.5466,33.0151,31.0161,39.3192,33.541,28.2843,29.4109,27.0185,32.2025,34.3657,32.8938
500,33.6155,41.1096,35.6931,36.2353,34.3657,33.2866,32.6497,37.5766,46.1736,33.6155,36.0555,36.6879,45.0111,39.4588,32.8024,33.2415,32.1403,37.2022,38.2099,37.6431
600,38.4708,44.1814,40.3113,40.05,36.4966,35.3836,36.8782,39.8121,48.2701,36.2353,43.1856,38.6005,47.0106,40.6079,34.2053,39.1152,36.7151,41.8688,40,43.1741
700,42.4382,47.0425,43.8634,46.0977,39.0128,38.9487,40.6079,45.31,50.4876,40.6079,48.5077,42.45,53.0094,42.0595,38.1838,43.0465,40.4969,45.4533,46,47.1275
800,46.8722,51.923,45.1885,52.2398,43.9318,41.0366,44.2041,49.1935,55.5428,43.4166,50.4876,43.8406,56.0089,46.5296,41.8688,46.6154,42.72,47.3814,48.0521,49.0408
900,48.6004,54.1202,49.0306,57.1402,48.0937,44.4185,46.7547,50.9902,57.2713,46.0977,54.3415,48.2597,62.8013,50.01,44.8219,48.2597,46.8722,52.3259,52.9528,50.6952
1000,52.4309,56.921,52.1728,61.131,49.0918,49.2443,49.0918,54.7083,63.9531,48.2597,57.5674,51.1566,64.7765,55.7315,47.5079,50.9902,50.4777,55.1725,56.8859,52.3927
1100,54.9181,60.4401,55.7315,63.2851,51.0882,51.8941,51.0392,58.5235,65.9242,51.7397,59.203,53.8145,66.3702,58.0517,50.4777,54.4518,51.8556,58.1378,59.6825,55.0273
1200,56.6039,64.2884,57.7062,65.2763,54.231,54.5894,55.4437,60.4401,72.8354,53.0377,61.9839,54.6717,67.4685,60.208,52.4976,58.0517,55.4437,61.5549,61.8142,56.921
1300,60.4401,67.2681,57.7062,69.2604,59.2115,57.0088,56.2228,64.846,76.6551,60.1082,65.192,58.4123,69.029,65.9242,53.8516,62.482,56.2228,63.6396,62.6498,58.8558
1400,63.4114,72.1803,59.6825,74.108,60.407,60.7454,58.6941,66.7308,80.7527,66.468,67.897,60.4649,70.3491,67.4685,55.4437,63.8905,60.6053,65.7647,65.6201,62.1772
1500,65.437,75.9539,62.1691,76.0263,64.6297,63.3246,63.7887,70.0928,82.6075,69.3109,73.1642,63.5138,72.3395,69.2315,55.9464,66.0681,62.0081,69.2965,67.7422,65
1600,69.527,77.2787,63.7887,79.2275,64.7765,65.5515,65.9242,73.2462,84.5931,69.3542,76.3217,66.0303,75.71,72.0069,59.0593,68.2495,64.6607,73.5935,69.0072,67.2681
1700,72.1803,80.2309,67.0671,85.0941,68.469,66.7308,68.0661,75.1864,87.4643,70.9366,78.924,66.8506,79.6241,76.1183,61.7738,69.4046,65.8559,80.6226,70.0286,69.0652
1800,74.411,82.201,73.0068,88.1419,71.3442,68.9493,68.2495,81.0432,88.459,71.7008,80.7775,69.6348,82.5651,78.4474,65.8559,71.0634,68.4471,84.8646,72.0625,70.1142
1900,75.8222,85.9884,76.0263,90.0888,77.3175,69.8928,68.2495,82.5651,90.4268,73.8783,81.1542,69.6348,85.3288,80.7527,67.3573,74.8131,72.0139,86.977,75.0267,73
2000,78.5684,86.1452,79.0063,94.0851,78.3135,71.1969,70.3491,85.3815,92.9624,75.9276,82.8553,73.5527,88.1192,81.4985,69.3109,77.6209,78.2624,88.4138,75.9539,73.9256
2100,80.0562,88.459,80.025,97.0824,81.4985,73.5459,72.3395,88.2326,96.8814,78.1025,85.6154,76.9415,90.2552,84.3801,70.0357,79.0253,79.6241,91.2853,78.0256,76.0263
2200,82.9759,91.444,82.0549,98.0816,82.8734,77.666,74.3303,93.0484,97.8621,81.5659,86.406,80.0062,92.3959,87.367,72.0069,79.8123,80.5295,94.3663,79.0569,79.8311
2300,83.7377,91.6624,84.1724,99.0808,89.8053,84.5281,76.9415,96.7988,101.98,85.1469,87.0919,82.0975,96.3379,89.0225,73.0068,80.0562,81.4371,95.0158,82.0549,81.3941
2400,85.703,95.4254,86.9253,102.02,91.9239,84.7231,78.7147,100.901,104.139,88.3629,89.5545,85.0059,100.02,90.3549,73.6003,82.134,83.3547,97.3088,86.093,83.1865
2500,87,97.2522,89.3197,108.042,92.6553,87.6641,80.0625,102.883,107.49,89.3588,91.2853,88.0227,101.98,92.4392,74.8131,83.4865,85.235,99.4887,86.1452,85.1587
2600,89.1067,100.245,94.1541,108.074,95.6347,87.6641,80.5295,102.883,107.708,90.3549,94.0213,91.351,102.961,92.4392,76.2168,87,87.983,100.767,90.1998,86.977
2700,92.4554,101.242,95.2733,110.164,96.6282,88.8426,82.2922,107.517,110.114,93.086,97.17,96.2549,103.576,95.5249,77.0065,87.7838,91.9239,101.533,94.3398,88.955
2800,93.2363,101.4,98.4327,113.004,97.6217,89.9889,84.0773,110.368,112.539,94.0213,99.0051,98.4124,104.346,95.8593,78.0064,89.8053,94.8736,103.078,95.6347,91.9239
2900,93.2363,105.475,99.96,114.215,100.603,91.444,84.5931,111.328,116.417,98.0051,99.925,101.316,107.079,97.5141,81.2712,90.5097,94.8736,104.484,100.02,97.1648
3000,96.2601,107.466,102.181,116.155,101.833,94.1116,85.8836,113.842,119.101,100.005,101.769,103.484,108.467,98.3514,84.0595,92.6553,96.2549,105.551,102.044,98.8585
3100,96.9381,110.653,104.178,122.201,103.697,99.925,86.5794,117.644,121.511,101.045,104,107.564,110.635,100.568,87.1321,94.1116,97.9081,106.301,103.044,100.841
3200,99.0858,111.647,105.342,124.326,105.475,101.139,88.5664,118.596,124.908,102.078,104.924,108.559,111.611,103.407,89.202,96.3328,98.9798,107.448,104.043,102.956
3300,99.0858,112.872,108.503,128.39,108.559,103.325,90.824,122.413,126.606,103.078,106.775,111.759,112.588,107.517,92.2659,98.4937,99.4786,109.809,105.076,105.683
3400,101.02,114.983,109.444,128.39,110.653,103.581,92.5905,122.413,132.673,104,111.234,114.272,114.756,110.68,92.4392,101.316,102.083,110.603,106.019,107.787
3500,103.586,118.089,112.272,131.381,111.759,107.201,93.9149,125.575,134.391,106.17,113.464,114.63,115.732,112.579,98.4124,103.392,103.942,112.294,111.005,108.78
3600,106.212,120.934,113.53,134.536,114.63,108.908,98.326,126.531,136.125,109.115,114.018,116.4,116.927,113.842,100.499,106.405,105.309,113.23,114.004,110.766
3700,106.668,120.934,117.341,137.713,114.983,112.294,99.3227,127.13,137.317,110.114,114.948,118.697,118.663,115.434,102.489,107.168,105.475,118.6,116.017,113.745
3800,107.615,123.911,117.341,138.708,116.108,114.477,101.124,128.39,140.688,111.364,115.039,122.809,120.619,115.741,103.484,107.935,108.784,120.801,117.017,114.856
3900,109.636,123.911,121.165,143.171,116.108,116.417,103.078,129.341,144.586,111.364,115.953,125.603,120.785,116.692,105.475,108.853,110.535,120.801,119.017,116.43
4000,110.887,125.897,123.081,144.17,118.207,118.68,105.119,130.495,148.708,115.352,117.784,127.098,120.785,119.549,108.374,109.636,111.414,121.606,120.037,119.269
4100,112.446,126.289,124.619,149.164,119.206,121.297,106.042,131.217,150.659,117.346,120.42,129.066,122.201,120.806,109.293,110.887,111.893,122.413,122.066,120.503
4200,113.569,127.566,125.865,149.215,120.204,122.528,110.005,132.185,152.83,118.343,120.934,129.066,126.194,123.665,110.291,111.665,114.39,123.146,123.037,123.406
4300,114.978,127.883,127.758,151.083,121.202,123.491,113.018,133.15,154.564,120.266,122.156,130.231,126.194,124.619,112.361,112.446,114.909,124.036,126.036,126.289
4400,117.154,129.988,130.081,151.212,124.197,125.399,115.017,135.665,156.732,121.413,123.483,133.18,128.316,126.242,113.534,114.039,117.337,124.258,126.036,128.269
4500,117.154,130.25,130.771,152.161,125.196,128.082,115.017,138.521,158.619,122.409,124.391,134.164,128.316,127.201,115.525,116.017,117.337,124.808,127.063,129.124
4600,118.849,133.821,130.943,153.003,127.252,129.027,116.039,138.521,161.533,122.495,125.936,136.132,128.316,128.705,117.516,116.829,118.207,125.642,129.757,132.098
4700,120.254,136.945,134.629,154.263,127.393,129.692,117.038,141.382,166.628,123.065,126.874,137.768,130.138,133.15,120.599,119.62,119.954,126.657,130.752,132.098
4800,120.254,138.917,134.766,155.322,128.191,131.867,120.017,143.569,170.074,125.196,127.581,139.445,134.093,134.104,121.499,122.886,119.954,127.914,132.015,132.85
4900,122.577,140.89,136.125,162.308,129.248,132.816,120.017,144.845,171.05,125.256,129.865,139.445,134.134,138.221,122.332,122.886,120.441,129.321,134.015,132.85
5000,123.24,143.199,137.928,165.303,129.387,134.373,122.016,145.784,172.244,127.193,132.518,141.598,137.179,142.046,123.329,124.278,121.803,130.729,134.729,133.36
5100,124.579,144.184,138.885,168.297,130.384,135.665,124.016,147.054,174.416,127.193,133.36,142.58,138.177,144.25,124.487,125.1,123.309,132.136,137.033,135.074
5200,125.256,146.509,139.843,169.358,132.378,135.978,124.016,147.679,175.171,128.141,133.825,143.611,139.176,146.164,127.566,126.491,124.036,133.989,138.058,137.058
5300,126.732,148.476,140.801,171.292,134.302,135.978,126,148.627,177.792,129.468,137.383,145.134,140.228,147.122,127.566,127.883,124.68,134.833,141.057,138.051
5400,128.144,149.459,143.003,171.292,135.237,138.279,129.004,150.841,179.969,131.137,139.556,147.299,142.172,149.04,127.566,129.53,126.052,135.912,142.056,141.877
5500,128.818,152.411,143.405,174.287,136.18,140.428,130.004,151.789,180.942,135.181,140.46,148.071,143.126,150,128.39,130.357,126.909,137.131,144.056,144.014
5600,129.557,155.193,144.368,175.345,137.179,141.23,132.004,153.379,182.584,136.235,140.89,149.255,144.125,150.685,130.25,134.034,126.909,137.295,145.055,147.959
5700,130.3,156.349,146.294,177.282,138.091,142.215,132.004,156.541,186.507,137.233,142.695,149.683,144.125,154.538,132.231,136.484,128.004,140.72,147.085,149.933
5800,131.046,156.525,149.188,180.278,139.09,143.199,134.004,158.146,190.822,138.13,145.413,152.611,144.125,156.208,132.231,139.786,129.418,142.127,148.084,152.895
5900,131.552,157.918,152.069,180.278,140.089,143.199,136.004,160.056,191.024,139.129,145.413,153.805,147.105,157.433,135.204,140.616,130.177,145.417,150.03,154.871
6000,133.66,159.906,154.042,182.332,141.421,144.014,138.004,161.124,195.144,143.171,148.556,155.003,147.105,158.66,137.186,141.174,132.412,148.6,151,155.859
6100,135.074,164.779,156.016,183.221,145.382,144.544,141.004,162.086,196.122,146.168,149.883,155.003,147.139,159.625,137.186,143.391,133.297,149.402,152.03,158.824
6200,135.765,164.779,157.991,183.221,145.382,147.363,143.003,163.049,198.081,148.165,150.791,156.554,150.097,160.59,139.043,143.951,133.724,150.207,153.183,158.824
6300,137.902,166.769,159.966,184.22,147.801,149.913,144.003,163.322,198.494,149.164,150.881,157.686,150.266,160.854,141.039,145.086,135.37,150.801,156.16,159.966
6400,139.316,170.751,161.505,186.188,149.777,151.476,144.003,163.322,202.074,151.331,150.881,159.665,152.069,161.124,142.941,145.661,136.883,151.4,157.277,160.462
6500,141.485,170.751,162.364,187.297,149.777,153.379,146.003,163.884,206.952,152.329,152.971,161.301,152.069,161.4,145.152,147.299,137.644,151.4,158.146,162.003
6600,144.423,172.491,163.233,190.055,149.777,154.638,148.003,164.842,210.319,152.398,153.629,164.222,153.056,161.682,146.103,148.946,140.357,152.201,159.022,163.991
6700,144.423,172.491,166.138,191.157,149.777,156.541,150.013,166.979,212.812,153.326,154.548,168.345,153.584,162.595,146.414,149.513,141.873,156.818,159.524,165.13
6800,145.774,173.566,166.138,191.157,150.03,157.487,150.083,167.932,214.667,154.392,155.641,171.05,154.042,164.551,148.368,150.336,142.636,159.806,160.515,168.074
6900,146.455,174.287,167.108,192.044,150.814,158.146,152.082,169.541,216.615,154.392,157.442,172.244,156.179,164.76,149.345,151.162,144.693,161.4,162.496,171.21
7000,147.635,176.556,172.447,194.034,151.608,158.269,155.052,169.541,217.816,155.39,159.678,172.244,156.179,167.61,150.336,151.99,144.693,163.003,164.615,172.386
7100,148.449,178.55,172.447,194.139,152.591,159.261,155.052,170.496,218.048,156.16,161.914,173.22,156.461,167.61,151.327,152.552,146,164.615,165.605,174.347
7200,149.933,180.71,173.488,195.243,154.029,160.381,156.08,173.081,219.764,158.382,164.149,174.195,159.028,167.869,153.16,153.652,148.003,166.012,166.364,178.272
7300,151.433,181.797,176.918,196.023,155.003,162.542,158.028,176.241,220.737,160.605,165.955,176.148,159.028,169.098,153.31,154.777,148.003,166.208,167.431,179.254
7400,153.379,182.617,178.017,197.345,157.69,163.175,158.028,177.2,220.737,162.29,167.287,176.148,162.003,169.544,155.081,156.461,150.426,166.817,167.505,179.446
7500,153.938,183.614,179.011,198.338,157.69,164.104,158.079,179.12,221.269,162.828,168.19,178.101,164.478,171.479,155.081,157.305,153.447,167.2,170.423,181.604
7600,156.16,183.614,181.108,199.331,158.673,166.09,160.028,182.562,222.171,165.68,169.095,179.078,165.003,171.732,155.939,158.685,154.509,169.201,173.416,182.584
7700,156.16,185.529,181.466,199.642,160.639,166.09,160.028,182.85,222.171,167.275,171.732,179.293,166.595,172.957,157.563,158.685,154.509,169.201,173.488,184.353
7800,157.544,187.451,182.464,200.639,160.639,168.193,161.028,183.807,223.379,169.499,171.732,181.033,167.003,174.29,159.48,158.685,155.081,170,173.488,185.526
7900,160.91,188.521,186.454,201.636,161.623,169.186,161.05,185.648,224.199,171.724,172.627,182.011,168.181,174.631,162.361,160.605,156.474,170.88,173.488,185.526
8000,161.756,188.521,187.523,202.556,161.623,169.434,163.049,186.968,226.153,172.261,173.519,182.989,169.012,175.328,163.322,161.149,158.218,171.012,175.559,187.683
8100,163.135,191.442,188.68,203.63,161.994,172.54,165.048,186.968,227.561,175.642,174.428,184.946,170.012,176.264,165.94,162.533,159.028,173.217,176.479,190.247
8200,163.982,192.44,188.86,204.707,162.975,173.666,165.048,189.172,228.537,175.642,176.664,185.925,171.549,178.138,165.94,163.918,160.655,173.217,176.479,191.23
8300,165.36,192.44,190.672,205.477,162.975,175.647,165.048,189.763,228.983,177.341,178.941,185.925,171.686,178.138,166.904,164.21,162.049,174.187,178.55,191.23
8400,166.433,194.371,194.833,206.62,164.149,176.638,166.048,191.324,229.654,178.933,181.177,185.925,173.159,179.075,167.869,165.303,163.218,175.422,181.541,192.213
8500,168.119,196.431,194.928,206.7,165.922,177.767,166.048,193.869,230.437,180.314,183.883,188.862,174.657,179.075,170.766,166.138,164.839,175.602,181.62,195.164
8600,168.964,197.428,195.829,207.697,166.904,177.767,168.048,193.869,230.437,180.314,187,188.862,175.385,179.424,172.957,166.138,166.235,176.955,182.617,195.164
8700,170.66,200.562,196.825,207.87,168.074,179.747,170.074,196.38,233.38,181.157,189.652,190.822,177.003,179.805,173.416,166.138,167.863,176.955,184.459,197.312
8800,170.88,202.556,197.122,209.69,168.87,180.737,170.106,196.38,237.306,182.65,190.589,190.822,178.003,179.805,174.141,166.976,169.499,177.505,188.449,197.881
8900,172.261,203.553,198.426,211.684,170.038,180.737,172.105,198.275,237.693,187.8,192.824,192.003,180,181.618,174.874,167.036,170.32,178.617,190.515,199.1
9000,173.349,204.626,201.358,211.684,171.02,183.208,172.105,199.865,238.479,189.897,192.824,192.982,183,184.024,175.354,169.169,170.32,183.052,192.44,201.246
9100,174.187,205.477,203.354,211.684,171.82,183.325,173.072,199.865,239.46,191.638,192.824,194.941,184,188.112,176.819,170.156,170.892,183.883,194.435,202.2
9200,175.026,207.473,203.354,211.684,172.003,183.709,174.072,201.122,241.423,192.51,193.706,194.941,184,188.854,177.792,171.82,173.104,184.44,194.435,203.593
9300,175.866,209.404,204.245,213.6,173.968,184.09,175.071,202.072,242.405,192.51,195.474,197.881,185,190.709,178.869,173.173,175.573,185.27,196.367,203.593
9400,177.02,211.606,205.244,214.238,174.771,185.194,175.103,203.973,243.387,194.859,195.474,198.081,186,192.416,180.826,175.137,178.059,186.102,196.367,204.57
9500,178.09,211.854,208.195,215.342,177.553,185.456,177.045,204.924,244.559,197.091,196.825,201.02,186.003,192.416,182.784,175.137,178.059,186.387,198.305,205.922
9600,180.014,212.763,209.194,217.221,177.902,186.454,181.025,206.828,246.951,197.59,198.245,202,187.011,193.003,183.967,176.119,178.891,187.224,198.305,206.903
9700,180.854,215.671,209.194,219.429,177.902,187.523,182.025,207.183,247.132,198.457,198.245,202,188.024,193.352,184.743,177.102,178.891,187.856,200.25,208.079
9800,181.945,215.838,210.193,221.416,178.885,187.601,184.024,208.139,248.574,198.6,199.324,204.561,189.042,193.941,184.946,177.102,180.278,188.064,201.301,208.279
9900,181.945,219.659,213.19,221.416,179.869,190.318,186.011,210.052,253.503,199.97,201.695,205.183,190.042,194.879,186.304,178.272,180.278,188.064,203.354,208.279
10000,182.781,221.732,216.231,221.531,182.822,190.318,187.011,210.052,254.327,200.142,203.494,206.526,193.494,195.819,187.259,178.272,181.397,189.489,204.353,210.107
10100,186.936,221.815,216.28,223.294,182.822,192.315,187.011,212.085,260.25,200.142,204.384,208.492,193.494,196.759,187.321,179.293,182.236,190.079,205.351,210.107
10200,187.771,221.815,217.279,223.403,183.984,192.375,189.011,213.047,260.25,200.831,205.718,209.476,193.494,199.582,187.321,179.644,182.236,190.308,206.349,210.107
10300,188.876,223.913,218.387,226.385,184.353,197.307,190.011,213.047,261.559,202.556,205.718,211.443,196.01,201.467,188.298,180.76,183.918,192.284,206.349,210.107
10400,189.156,226.374,219.386,226.385,184.545,197.307,192.01,214.972,262.383,204.287,207.954,211.443,196.596,201.467,188.733,181.618,184.762,194.51,207.292,211.518
10500,189.156,228.035,220.384,227.379,185.335,198.305,193.003,215.52,265.505,206.891,207.954,212.577,197.122,202.41,188.733,183.338,186.454,194.51,208.291,212.72
10600,189.156,228.035,222.272,229.367,186.507,198.305,194.003,216.481,267.479,207.386,209.313,213.565,198.116,202.744,189.275,184.564,187.832,195.359,210.288,213.694
10700,189.992,229.965,223.271,229.478,187.489,198.305,194.003,217.442,268.308,208.751,209.313,213.565,199.09,203.973,191.442,188.915,188.367,195.433,211.287,214.22
10800,191.128,231.897,224.27,231.355,188.47,198.305,195.01,219.365,271.271,209.619,209.774,213.565,202.089,204.6,192.213,190.276,188.905,196.331,213.338,215.133
10900,193.662,232.157,224.27,231.355,188.47,200.25,196.023,220.88,273.247,210.867,210.661,213.565,203.062,204.6,195.144,191.149,189.528,198.116,215.335,216.689
11000,193.982,232.863,224.321,233.566,188.47,200.25,198.023,223.081,275.224,212.72,212.876,214.394,203.062,205.548,197.101,192.13,190.379,199.01,215.541,218.284
11100,194.51,234.293,224.321,233.684,188.905,200.25,198.023,223.761,277.2,214.367,214.663,216.12,206.022,206.497,197.881,192.51,190.906,200.352,216.529,219.666
11200,195.359,234.293,228.633,234.676,189.275,205.197,200.04,225.411,280.166,217.479,215.407,216.91,207.022,207.446,198.862,192.51,191.437,201.718,218.979,221.775
11300,196.209,234.887,230.627,234.676,192.167,206.197,201.062,226.374,282.144,217.479,216.453,216.91,207.022,207.461,199.842,194.178,193.132,202.647,218.979,222.171
11400,197.74,235.262,232.551,235.669,193.127,207.241,207.06,227.607,283.132,218.358,218.689,217.892,209.022,209.347,200.04,195.941,194.196,203.118,221.779,224.35
11500,198.769,237.775,233.362,235.669,193.21,209.344,207.155,230.495,283.283,219.713,218.689,218.874,209.038,210.297,200.04,197.709,194.196,204,222.767,226.062
11600,199.111,238.738,233.482,237.655,196.207,213.338,208.154,231.458,283.283,220.952,220.925,220.045,212.038,210.297,203.711,199.06,195.576,205.767,224.589,226.062
11700,200.831,239.702,234.48,239.641,198.204,215.335,208.154,232.422,284.271,220.952,221.371,222.596,213.021,210.297,203.711,199.482,197.752,205.828,225.73,228.009
11800,202.2,240.666,234.546,239.641,199.203,216.333,209.06,232.691,284.417,222.729,221.371,223.779,213.021,210.791,203.711,202.148,200.262,205.828,226.718,228.983
11900,204.267,240.666,235.544,239.76,202.247,217.389,209.153,233.386,286.531,225.424,223.877,224.555,213.021,211.896,206.7,203.039,202.193,206.708,226.718,229.957
12000,204.941,240.666,236.611,241.746,203.246,217.389,210.038,236.019,287.522,225.854,224.956,225.535,214.021,211.896,206.7,204.824,202.193,206.708,227.37,230.185
12100,205.801,241.63,237.474,241.746,203.416,217.389,210.152,237.952,287.522,226.292,225.499,226.515,215.058,214.35,207.068,205.718,202.193,206.94,228.528,230.708
12200,207.019,245.489,237.474,242.739,206.475,218.33,212.151,238.21,287.522,226.738,228.561,229.856,216.058,217.624,207.617,207.954,204.13,209.747,229.386,232.659
12300,208.722,246.455,238.472,244.283,207.473,218.387,215.114,238.472,289.505,226.738,228.862,231.815,217.058,217.624,209.69,209.745,206.633,211.092,231.225,232.659
12400,209.576,247.421,239.47,247.267,209.538,220.384,217.113,239.176,289.774,228.98,231.087,232.228,218.057,218.58,211.766,210.202,207.461,211.549,231.225,233.634
12500,210.431,248.387,239.604,247.267,209.612,220.384,219.112,239.437,290.765,229.872,231.087,233.634,218.057,218.58,213.759,211.54,209.695,213.328,232.215,234.83
12600,210.95,251.287,241.599,247.267,211.4,222.441,219.185,240.666,290.904,230.764,232.125,234.83,219.057,218.58,215.752,211.54,211.376,213.328,234.062,237.756
12700,211.896,255.157,241.599,248.262,213.396,222.441,220.327,241.63,290.904,232.551,233.497,237.002,219.112,219.42,217.745,213.806,211.684,213.328,234.062,239.708
12800,213.581,256.377,243.594,248.365,214.457,222.441,221.326,243.824,292.33,232.594,233.927,238.952,220.057,222.171,219.738,214.283,213.378,216.529,235.053,240.859
12900,213.581,260.248,243.594,250.252,214.525,222.441,222.324,244.788,294.308,233.48,234.83,239.176,220.082,222.971,219.738,214.283,214.227,217.002,235.053,241.015
13000,214.149,260.755,244.295,251.247,215.281,223.439,226.318,245.752,294.459,234.83,234.83,240.902,221.081,223.376,220.656,217.002,216.134,218.358,235.053,242.002
13100,215.295,263.655,246.733,251.247,216.592,224.502,226.318,246.716,295.447,235.716,238.365,240.902,222.081,223.786,220.656,218.82,217.513,218.358,236.662,245.122
13200,217.506,263.655,247.73,253.237,216.592,225.568,228.265,247.631,297.424,236.18,239.708,241.448,223.143,225.322,221.653,219.237,219.128,219.237,240.753,245.122
13300,217.506,264.123,247.73,253.338,218.742,226.566,229.314,248.91,299.401,236.713,240.601,241.448,224.181,227.161,223.647,219.237,219.672,219.237,244.845,247.097
13400,218.662,265.092,249.65,256.035,220.735,226.566,230.313,250.14,299.401,238.069,241.495,242.425,225.142,227.554,226.638,221.653,219.968,219.237,244.845,247.421
13500,219.477,267.067,251.645,257.123,220.735,227.636,230.313,250.14,300.39,239.033,242.39,244.233,225.142,229.002,228.561,223.886,221.653,219.713,245.098,249.072
13600,221.359,267.524,251.645,257.218,221.903,228.633,231.216,250.14,301.378,241.267,243.286,244.233,226.108,229.002,229.558,223.886,224.19,220.477,247.703,251.205
13700,223.833,270.224,253.571,258.027,221.903,229.558,232.215,251.104,303.659,241.661,243.731,244.233,227.108,229.924,231.553,224.404,225.038,221.371,247.703,253.18
13800,224.931,272.415,254.568,258.853,223.895,233.619,234.214,253.032,304.199,242.539,244.626,248.091,227.22,231.465,234.48,225.719,225.038,222.827,248.815,254.167
13900,226.685,273.359,255.707,259.771,224.891,235.544,237.171,253.298,305.188,243.895,245.506,248.091,229.107,232.243,237.474,225.719,226.102,225.942,249.576,258.118
14000,227.721,273.359,255.707,260.618,225.887,236.611,238.254,254.262,306.323,244.861,246.349,248.294,231.106,233.617,238.472,225.719,226.638,227.774,249.576,260.25
14100,228.267,274.607,256.704,263.6,226.883,237.683,240.252,254.804,308.302,246.611,249.112,248.853,231.106,236.772,238.537,226.524,226.638,227.774,250.569,263.213
14200,228.432,275.855,257.381,263.6,227.879,238.019,242.297,255.766,308.449,248.365,250.45,249.273,231.138,237.697,241.531,227.438,226.638,228.589,252.557,265.189
14300,228.817,276.8,258.699,265.588,228.876,240.01,243.249,255.766,310.281,248.845,252.686,250.252,231.138,238.623,242.528,227.554,229.401,228.589,252.557,269.141
14400,229.242,277.065,261.62,265.588,228.965,240.01,244.295,255.766,311.27,249.816,254.951,252.21,232.138,238.623,245.459,228.473,229.401,230.825,252.67,269.141
14500,231.037,278.029,262.551,267.367,230.957,240.104,246.293,255.766,311.27,250.689,254.951,252.21,235.172,239.207,246.457,231.625,230.243,230.825,255.149,269.141
14600,231.815,278.029,264.547,267.367,231.78,242.192,246.293,257.42,311.27,252.05,254.951,252.414,235.172,240.202,247.455,231.625,230.783,230.887,256.33,269.98
14700,232.467,279.26,264.547,268.362,232.777,243.187,247.342,258.383,311.978,253.411,256.33,254.788,236.136,242.528,248.29,232.545,231.037,231.366,257.513,272.523
14800,233.002,279.435,264.547,268.464,232.948,244.182,248.34,259.347,312.527,254.283,256.757,254.951,236.136,245.326,248.516,233.857,232.422,233.6,258.492,274.372
14900,234.61,279.435,265.545,269.564,234.94,245.277,248.34,260.311,314.498,255.644,257.235,256.743,237.103,245.687,249.201,235.308,233.257,234.478,258.909,274.372
15000,235.204,280.264,267.421,272.342,234.94,250.252,248.395,261.542,315.017,257.878,258.089,258.699,237.609,247.913,250.288,236.231,235.478,234.957,259.677,276.355
15100,236.008,280.401,268.477,273.337,238.925,252.145,249.339,263.205,315.653,257.878,258.521,260.655,238.606,249.209,251.287,236.783,236.315,236.713,259.677,277.346
15200,236.814,282.151,269.418,274.432,238.925,252.242,251.008,264.008,316.639,257.878,260.757,262.408,239.604,249.209,251.336,236.783,237.699,237.192,259.887,279.33
15300,236.814,283.381,269.418,274.536,238.925,253.237,252.008,265.663,317.624,257.878,260.757,262.408,241.671,250.32,252.335,239.585,238.537,238.948,263.591,280.321
15400,236.814,284.079,269.418,276.422,238.925,255.227,254.008,266.76,318.609,259.141,262.092,264.169,241.913,251.462,254.332,240.875,238.799,238.948,264.569,281.313
15500,238.43,285.309,270.978,279.407,239.754,256.322,256.008,267.043,318.609,259.141,262.992,265.548,243.074,252.004,255.331,241.456,239.633,238.948,264.569,282.305
15600,241.448,285.309,273.057,279.407,240.01,256.425,258.008,267.442,320.751,260.895,262.992,266.732,243.101,252.937,256.33,242.745,240.759,239.353,264.985,282.434
15700,242.621,287.237,273.146,280.401,241.1,257.317,259.017,268.576,321.908,263.059,264.367,267.711,244.074,252.937,258.327,242.745,242.44,242.002,266.391,284.164
15800,244.401,289.43,274.235,281.498,242.745,257.317,261.017,269.533,321.908,263.059,264.367,268.689,244.182,256.32,258.38,243.329,244.125,242.062,267.367,284.164
15900,245,291.096,276.322,281.603,243.742,258.414,261.017,270.78,321.908,264.008,265.515,268.689,245.66,257.608,258.38,245.204,244.755,242.539,270.296,286.665
16000,245.204,291.359,277.318,283.591,245.66,258.414,261.017,271.737,322.721,264.008,267.346,268.896,246.077,257.608,260.377,245.204,246.132,243.417,274.634,287.656
16100,245.601,291.359,278.412,285.687,245.66,261.199,262.017,271.737,322.893,264.824,268.263,269.668,247.978,259.384,262.322,245.799,246.457,244.297,274.634,288.647
16200,246.223,292.062,278.412,286.791,245.66,263.388,262.017,271.737,323.878,266.177,268.263,271.28,249.064,260.325,262.322,246.739,247.31,245.177,277.253,288.647
16300,248.429,293.027,279.508,287.785,247.655,265.277,262.031,271.737,323.878,268.078,269.981,271.28,249.064,260.325,262.551,246.739,248.163,246.532,278.977,289.638
16400,249.239,293.552,281.498,288.778,247.655,266.272,264.047,272.927,324.863,268.078,270.387,271.459,249.064,261.216,263.549,246.739,248.163,246.532,279.952,289.638
16500,250.05,295.747,282.492,289.772,247.655,267.268,264.068,272.985,325.848,268.883,272.621,272.809,251.056,262.162,264.547,247.679,248.685,246.532,280.708,292.611
16600,251.676,296.015,283.487,289.772,249.58,268.263,267.067,273.212,326.021,270.712,273.942,273.249,251.149,263.433,265.545,247.681,248.685,246.532,281.684,292.611
16700,251.676,296.287,283.487,290.766,250.577,268.57,267.067,274.175,327.006,272.415,276.176,273.792,252.145,264.428,266.543,249.612,249.538,247.008,282.124,294.593
16800,252.492,296.287,283.487,291.872,253.338,272.244,268.067,276.101,327.991,273.3,279.322,275.944,252.873,266.312,266.608,250.577,250.06,248.767,282.124,295.584
16900,254.126,296.978,283.591,293.748,253.571,275.231,270.15,277.065,329.961,273.827,282.064,277.908,252.873,267.845,267.541,251.287,250.569,251.002,284.83,296.575
17000,257.41,296.978,284.693,294.742,256.322,276.322,270.15,277.065,331.931,275.588,284.297,278.891,253.955,267.845,267.541,252.509,251.078,251.002,287.759,296.575
17100,258.234,296.978,285.687,294.742,256.322,278.313,272.149,278.029,332.916,276.471,285.212,279.508,253.955,268.164,267.541,253.939,252.62,251.796,287.976,299.55
17200,259.326,298.905,287.675,296.731,257.437,279.407,273.148,278.298,336.525,276.471,286.128,280.492,254.437,268.164,268.604,253.939,254.515,252.357,288.735,299.55
17300,259.6,298.905,288.778,297.725,258.436,280.401,273.148,279.26,337.511,277.982,287.044,281.476,256.425,268.794,270.267,255.633,257.934,253.647,290.477,301.042
17400,259.6,298.905,289.772,298.719,259.434,280.503,274.148,279.26,337.511,279.732,287.346,281.476,256.759,269.809,272.265,258.358,258.791,253.647,291.455,302.035
17500,260.432,299.868,290.766,298.719,260.277,283.487,274.148,279.26,337.511,279.732,287.96,283.27,256.759,270.692,273.264,258.358,259.65,253.647,291.666,302.914
17600,261.266,299.868,291.76,300.707,260.277,284.482,275.116,280.179,337.511,280.532,289.795,284.084,259.023,271.007,274.263,259.307,260.509,254.468,293.621,303.908
17700,261.266,300.761,292.754,302.696,262.275,285.477,276.065,280.223,338.498,281.413,290.713,284.084,260.019,272.905,276.261,259.307,260.509,255.415,293.621,303.908
17800,261.266,302.696,292.865,303.587,262.322,287.467,277.045,283.115,339.324,281.576,291.632,287.211,260.019,276.384,276.261,259.942,260.509,255.415,293.621,307.883
17900,263.304,302.696,295.846,304.582,263.372,287.467,277.045,284.079,339.324,283.283,293.471,287.863,260.019,276.384,276.306,260.25,260.862,255.472,294.598,310.757
18000,263.304,304.633,296.84,305.68,264.371,288.461,278.045,284.079,340.988,283.975,294.391,290.353,260.019,277.332,278.304,260.647,261.369,255.472,296.978,310.757
18100,264.373,305.354,296.84,306.78,267.047,290.451,279.029,284.079,341.977,286.555,294.391,292.181,261.015,278.28,278.304,261.843,262.231,255.472,297.955,312.746
18200,265.53,306.323,297.516,307.774,267.047,290.451,280.029,285.044,342.965,286.555,295.703,292.181,262.498,278.28,280.257,262.8,263.093,257.235,299.147,314.735
18300,266.378,307.072,298.317,307.774,267.047,290.451,282.007,287.138,344.106,287.543,295.703,293.171,262.498,279.229,280.302,263.746,263.6,258.074,300.885,314.735
18400,268.287,309.974,299.221,308.663,268.067,291.349,282.007,289.981,344.42,289.519,296.233,294.16,262.606,282.078,282.299,265.631,264.462,259.887,300.885,315.945
18500,268.287,310.942,301.304,310.757,268.067,292.344,283.007,290.93,344.42,292.638,296.233,295.149,264.705,283.028,283.298,266.897,264.97,260.354,301.652,316.621
18600,268.287,313.129,302.209,310.865,268.419,292.441,284.007,290.93,346.082,296.589,296.624,295.149,264.705,283.028,286.295,267.845,264.97,260.824,302.736,317.932
18700,269.134,314.097,302.209,311.859,270.046,296.326,285,291.568,346.082,296.589,297.047,295.584,265.814,283.028,288.25,270.379,265.831,260.824,302.736,318.926
18800,269.981,315.065,302.209,312.746,270.067,297.229,287.002,292.195,347.071,299.553,299,296.138,267.8,284.318,289.209,271.649,267.556,260.824,304.91,319.92
18900,269.981,316.033,302.209,312.853,270.067,299.221,288.002,293.784,347.071,300.541,299.708,296.446,267.8,284.318,290.172,271.649,268.419,261.297,305.439,321.025
19000,269.981,316.539,302.3,313.847,270.091,299.221,289.002,294.41,347.071,301.529,301.944,298.429,268.57,284.318,291.172,272.683,268.419,261.297,305.66,322.132
19100,270.647,318.473,303.295,313.847,271.046,300.603,289.016,294.437,348.059,307.461,302.372,298.429,268.794,285.871,291.29,275.61,270.292,263.473,305.66,323.125
19200,272.567,318.987,303.295,314.951,273.002,301.597,291.002,294.437,350.189,308.6,302.372,299.421,268.794,286.19,292.171,276.805,270.292,265.243,305.66,323.125
19300,272.567,320.662,305.287,315.729,274.007,304.582,291.002,294.437,353.001,308.6,303.674,300.413,271.267,287.138,295.169,276.805,270.801,265.243,305.884,323.79
19400,273.914,320.662,306.283,317.718,274.016,304.582,291.007,296.306,353.99,310.281,305.447,301.405,272.389,288.085,297.242,278.002,270.801,265.243,306.858,323.79
19500,274.591,321.629,307.278,317.718,274.016,305.68,292.043,297.254,353.99,310.886,307.262,302.397,272.389,288.085,298.283,281.839,271.312,265.243,307.833,323.79
19600,274.653,321.629,308.274,319.812,275.016,305.786,293.043,297.572,354.141,311.873,310.846,302.397,274.372,288.406,298.377,282.025,271.825,265.708,307.833,323.79
19700,275.327,323.563,308.274,320.031,276.016,308.769,294.083,298.216,355.13,311.873,310.846,303.389,274.372,288.406,299.167,282.821,274.055,267.06,310.537,325.576
19800,277.108,323.563,311.174,322.132,277.016,309.763,295.083,298.839,356.427,312.861,312.194,303.389,274.505,288.73,302.166,282.821,274.571,267.479,311.512,327.567
19900,277.478,324.53,312.17,322.248,278.016,309.871,295.137,298.839,357.259,314.836,312.194,303.389,274.549,289.387,305.164,283.805,275.262,268.002,312.708,328.562
20000,277.95,326.216,313.081,323.241,280.007,311.752,296.108,301.051,358.247,317.8,312.706,304.907,277.346,289.721,307.163,286.142,276.123,268.002,312.708,329.757
20100,278.227,326.216,313.081,323.241,281.016,312.746,298.042,301.705,358.247,317.8,316.242,306.888,277.346,290.622,309.162,287.124,276.986,269,313.904,330.752
20200,279.761,326.216,313.081,324.234,281.028,313.74,299.042,302.65,358.247,319.625,316.242,306.888,277.478,291.94,310.195,287.313,279.723,270,314.879,330.856
20300,279.761,326.466,313.081,325.228,281.028,316.057,299.042,302.979,358.247,320.613,316.242,306.888,277.478,294.16,310.195,288.106,280.585,270.601,314.879,330.856
20400,280.303,326.466,313.081,325.85,283.044,317.824,300.042,303.923,359.235,320.613,317.128,307.612,279.202,294.16,311.231,289.705,281.448,271.488,314.879,332.742
20500,280.303,326.466,314.531,325.983,284.063,317.932,300.135,303.923,359.39,321.566,320.295,309.006,280.195,296.044,311.272,289.705,281.954,271.95,316.304,332.845
20600,281.86,327.124,315.075,326.12,285.063,317.932,301.135,304.214,360.534,322.158,320.295,310.137,281.187,296.987,312.194,291.323,282.462,271.95,317.277,333.736
20700,282.705,327.909,316.071,328.661,285.086,318.818,304.133,304.214,360.694,323.373,321.599,311.127,281.313,297.93,312.194,292.481,282.462,273.766,317.277,334.631
20800,282.705,328.878,316.071,329.656,286.086,319.812,306.132,304.867,362.668,324.002,322.456,311.127,281.443,298.263,312.271,292.836,283.323,274.651,317.277,335.529
20900,283.478,330.339,320.058,330.752,286.086,319.812,306.132,306.114,363.816,324.992,322.913,312.832,281.443,298.873,313.193,292.836,284.185,274.651,317.506,335.529
21000,284.318,330.339,320.058,332.34,288.007,323.012,307.163,306.114,366.939,324.992,323.347,312.832,282.816,298.873,314.159,293.782,284.909,275.536,317.506,337.52
21100,285.16,330.819,321.055,333.33,289.007,325.994,308.131,307.709,366.939,325.983,323.835,314.682,282.816,299.817,315.159,295.264,286.644,276.422,317.506,338.516
21200,285.701,331.789,322.134,335.172,289.016,327.982,308.131,308.968,367.271,325.983,325.129,315.674,285.797,300.761,315.192,295.549,286.644,276.422,318.347,338.516
21300,285.701,332.76,323.13,337.153,290.016,328.976,308.162,311.22,367.925,325.983,326.914,315.805,286.149,301.161,315.357,296.142,286.644,278.196,318.347,338.516
21400,287.383,332.76,324.045,338.143,290.016,330.08,308.196,312.175,368.912,327.965,326.914,316.796,286.273,302.101,317.355,297.705,287.141,278.196,318.944,339.511
21500,287.383,333.002,325.042,339.134,291.007,330.08,310.195,312.834,371.872,328.956,327.808,317.788,286.273,302.101,317.355,298.685,289.872,278.657,319.495,339.511
21600,287.689,333.972,326.038,339.134,291.007,332.181,310.195,313.428,371.872,329.091,328.258,317.921,287.265,303.982,317.355,298.685,291.606,280.432,319.495,339.607
21700,289.069,333.972,327.954,339.134,292.007,332.181,310.232,313.428,374.172,332.063,328.258,318.912,287.265,303.982,318.308,302.02,291.606,280.432,320.888,341.598
21800,289.914,334.462,328.951,340.544,292.007,332.181,311.231,313.79,379.929,333.054,328.258,319.049,287.265,304.074,320.306,302.02,292.971,280.432,322.084,341.598
21900,291.294,335.185,330.946,340.544,292.015,332.415,311.272,314.033,380.601,333.33,330.51,320.039,287.701,305.712,320.306,303.2,293.471,281.32,323.246,341.598
22000,291.294,336.155,330.946,340.689,293.015,332.537,313.23,314.746,382.577,334.32,330.51,320.178,290.663,306.067,320.306,303.2,297.069,283.016,324.23,341.598
22100,291.529,337.854,330.946,340.701,293.015,333.539,313.27,316.37,382.577,334.32,331.857,320.178,290.823,306.067,320.306,304.587,298.304,283.028,325.848,341.797
22200,293.212,337.854,330.946,340.701,294.007,335.529,313.27,317.654,383.72,334.903,331.857,320.178,290.986,306.425,321.305,304.587,301.033,283.129,325.848,341.797
22300,294.839,339.559,331.798,341.391,295.007,336.525,315.268,317.654,384.553,335.31,332.742,321.168,291.446,308.08,322.304,304.587,301.033,284.016,327.182,341.797
22400,295.677,340.767,332.796,341.391,296.007,337.617,317.309,318.939,384.553,337.291,333.204,322.158,292.481,308.08,323.501,305.159,301.901,284.881,329.15,341.797
22500,295.936,341.006,332.796,342.317,296.547,338.333,318.308,321.162,387.367,338.281,333.624,322.158,292.481,309.742,323.558,305.159,302.035,285.829,329.15,342.593
22600,295.936,342.71,332.796,343.098,298.485,339.329,320.306,322.448,389.197,339.271,334.105,322.444,293.466,309.742,325.301,307.174,304.631,286.665,329.328,343.144
22700,296.488,342.71,332.796,343.956,298.485,340.701,320.351,324.322,389.197,339.271,336.315,323.433,293.466,310.672,325.555,308.151,305.131,287.647,331.296,343.144
22800,296.488,343.216,334.791,345.939,300.007,341.696,323.348,325.26,391.031,339.271,336.757,324.423,295.435,311.602,327.495,309.343,307.73,290.3,331.296,343.804
22900,297.33,343.682,334.861,345.939,301.007,341.797,324.395,325.26,391.031,340.262,336.757,324.423,296.594,312.533,327.495,311.732,308.104,292.072,331.475,343.953
23000,297.607,345.626,334.861,346.071,301.007,345.776,325.346,326.198,393.01,340.837,338.096,325.412,298.391,312.533,327.611,312.708,310.229,293.421,332.459,344.768
23100,298.158,346.598,335.658,347.062,303.007,345.776,325.346,326.792,393.01,341.826,339.45,326.402,298.391,313.268,327.611,312.93,311.103,293.886,332.459,346.764
23200,298.158,348.543,335.658,347.196,303.007,345.984,326.3,326.792,393.449,344.793,341.248,328.381,298.391,313.268,327.611,313.683,312.463,294.771,334.248,349.693
23300,298.992,349.515,335.658,348.187,303.007,347.868,327.344,328.42,395.278,344.942,341.248,329.371,299.376,313.268,329.607,314.226,312.463,295.657,334.248,351.753
23400,299.025,349.748,336.656,348.914,303.015,348.862,327.391,328.769,395.278,345.636,341.248,331.35,299.548,313.268,330.491,316.18,312.95,297.431,334.426,351.753
23500,300.673,350.258,336.656,349.756,305.015,351.847,329.439,328.769,397.554,347.472,343.484,332.34,300.533,314.968,330.606,316.18,313.337,297.431,335.41,351.82
23600,300.673,350.488,336.856,350.169,306.015,353.836,332.339,329.612,399.682,349.452,343.922,332.34,302.503,316.836,331.604,318.71,313.651,297.431,336.394,352.626
23700,302.324,350.721,339.532,350.897,308.015,355.726,335.336,330.553,400.824,349.594,345.284,333.33,302.676,317.555,332.663,319.453,316.294,298.319,337.891,355.681
23800,302.888,352.165,339.532,350.897,309.015,357.716,336.335,331.494,401.812,349.777,346.185,333.33,305.459,318.487,332.663,319.662,316.708,298.779,338.638,355.681
23900,303.714,354.107,339.589,350.897,311.006,358.811,336.381,332.435,402.8,352.439,347.989,333.473,306.444,319.42,332.663,320.39,316.766,299.666,339.838,355.681
24000,304.021,354.346,339.589,351.889,311.006,360.8,339.249,332.435,403.943,352.899,348.891,334.462,307.43,319.42,334.724,320.39,316.766,299.666,339.838,356.507
24100,305.413,355.317,340.376,352.881,312.002,361.006,339.249,332.435,405.765,354.713,350.698,334.462,308.415,320.762,334.724,320.888,317.648,301.015,340.588,356.679
24200,305.668,355.801,342.329,352.881,313.002,362.891,339.289,332.71,406.602,357,351.602,337.431,310.556,320.762,334.724,321.86,318.121,301.902,340.812,357.505
24300,305.984,356.295,342.329,354.739,314.002,362.891,339.478,333.654,407.741,358.766,352.507,339.411,311.713,320.762,334.724,321.86,318.597,304.647,340.812,357.505
24400,308.196,356.77,342.374,355.857,314.002,362.994,342.247,334.598,408.579,359.65,353.412,339.411,312.359,321.168,335.658,322.256,319.789,305.531,340.812,357.505
24500,309.588,356.77,342.422,355.857,315.002,363.101,342.247,334.928,409.718,359.65,353.412,340.401,313.857,323.149,335.658,323.446,320.677,305.531,341.563,358.558
24600,310.981,357.74,342.422,355.857,317.006,364.095,342.247,334.928,410.707,359.65,353.412,340.401,313.857,323.149,336.43,323.446,321.137,306.415,342.196,358.558
24700,312.947,358.482,343.21,356.602,317.006,364.314,344.246,335.216,410.707,361.001,353.412,340.401,315.197,324.139,336.43,324.423,321.137,306.415,342.527,358.804
24800,314.014,359.45,344.209,357.476,318,365.308,344.246,335.543,413.673,361.419,355.224,340.544,316.18,325.558,336.43,324.637,321.137,307.3,343.211,358.804
24900,315.159,362.604,344.209,357.946,318.002,367.408,346.244,336.162,413.673,361.885,356.131,341.533,316.362,325.983,337.38,325.042,322.486,307.766,344.193,358.804
25000,315.66,362.604,346.417,358.469,319.002,368.402,346.244,338.378,415.8,361.885,356.553,343.372,316.362,326.847,337.38,327.232,322.949,308.65,345.175,359.801
25100,317.05,362.604,346.417,360.455,319.002,368.402,347.243,338.378,416.266,361.885,357.038,343.372,318.148,327.196,338.08,327.698,323.415,310.421,345.175,360.501
25200,318.19,362.857,346.521,360.455,319.002,370.389,348.243,339.65,419.606,362.416,357.038,344.503,319.132,329.812,338.245,328.672,323.544,313.177,345.419,360.799
25300,320.656,363.112,347.52,362.442,322.006,371.383,348.281,340.27,420.595,364.047,357.038,345.636,319.312,329.812,339.377,329.621,324.261,313.177,346.36,361.212
25400,323.694,363.629,348.518,362.442,325.006,371.383,349.322,341.217,422.428,364.541,358.854,346.771,319.312,329.812,339.377,330.841,324.721,314.127,346.699,361.681
25500,325.346,364.594,349.173,364.314,326.006,371.383,351.962,342.164,424.552,366.314,358.854,348.749,321.279,331.483,340.376,332.525,326.928,315.412,347.639,363.655
25600,326.173,365.821,350.173,365.308,327.002,371.497,353.815,342.164,426.386,367.663,359.762,348.749,321.279,332.415,341.33,332.525,327.385,315.412,348.501,365.63
25700,326.173,366.786,352.172,365.308,327.002,373.484,353.815,343.111,428.655,367.663,359.762,350.728,322.444,333.084,342.329,333.494,329.164,316.545,348.501,365.79
25800,326.173,366.786,352.172,365.308,327.002,374.593,354.882,343.111,429.499,368.023,359.762,350.728,324.41,333.084,344.327,334.462,330.51,317.53,349.984,366.776
25900,327.002,367.751,353.142,365.308,327.006,375.705,355.744,344.379,432.325,369.769,359.762,351.717,324.41,334.081,344.327,335.431,331.857,318.523,350.956,366.776
26000,327.831,367.751,354.141,367.078,327.055,377.69,355.81,345.954,433.601,370.757,360.007,351.717,327.991,334.081,344.327,336.4,331.857,318.523,350.956,367.294
26100,328.661,367.751,356.14,368.072,327.098,379.676,356.877,345.974,434.447,370.786,361.089,351.864,328.804,334.755,344.327,336.899,334.093,319.39,351.928,368.132
26200,329.779,371.562,359.113,368.072,327.098,381.662,356.948,347.865,435.188,372.993,361.089,353.553,330.775,334.755,344.327,338.585,334.093,319.39,352.165,370.109
26300,330.905,371.562,362.138,368.179,328.024,381.662,359.94,348.799,436.177,372.993,361.089,353.553,330.775,335.216,345.209,338.585,335.013,319.39,352.165,370.259
26400,331.168,371.562,363.138,370.277,328.024,382.774,361.935,350.698,437.165,373.884,361.769,355.968,330.775,338.541,345.209,338.835,336.329,320.894,353.136,370.259
26500,331.995,371.562,364.137,372.376,329.024,382.774,364.003,351.648,437.319,375.666,362.906,357.375,330.775,338.86,345.326,339.6,336.329,321.758,354.107,370.951
26600,332.266,372.522,365.137,375.139,329.055,383.532,365.997,351.962,437.319,375.666,364.232,357.514,331.931,339.7,347.324,339.6,336.329,323.989,355.079,370.951
26700,332.266,374.445,366.137,375.139,329.074,383.532,366.15,353.86,437.319,375.666,366.051,357.514,332.916,340.401,347.324,341.791,337.218,324.493,356.788,370.951
26800,333.098,375.406,367.136,376.133,329.074,384.194,368.307,354.493,438.153,375.686,366.051,358.23,335.058,342.077,349.322,342.498,337.676,325.862,357.761,371.248
26900,334.763,375.682,367.136,376.942,329.074,385.188,369.141,355.141,439.141,376.108,367.459,359.39,335.233,342.077,350.321,343.465,337.676,325.862,357.761,371.248
27000,335.596,377.881,367.136,377.127,331.054,386.29,369.141,356.4,440.756,376.108,368.371,360.378,336.217,343.77,350.321,344.431,340.331,327.391,359.707,371.555
27100,335.596,378.842,368.23,377.327,333.054,386.29,369.141,356.4,440.756,377.033,370.196,360.378,337.378,344.308,351.32,344.431,341.674,328.25,360.174,373.021
27200,337.267,379.12,369.229,378.319,335.073,388.278,369.221,358.303,440.756,377.033,370.196,360.694,339.346,344.308,352.319,344.577,343.017,328.25,361.884,374.995
27300,337.267,380.08,369.229,378.319,335.073,388.388,370.061,358.303,441.743,377.465,371.618,362.829,339.346,344.308,352.319,345.398,343.017,329.109,362.117,377.131
27400,337.267,380.08,371.194,378.588,338.095,391.481,372.132,359.562,441.743,378.683,371.618,364.966,339.346,344.308,354.318,345.398,343.017,329.621,364.062,377.131
27500,338.179,380.36,371.264,380.707,338.095,391.481,373.129,359.562,442.259,379.676,372.533,364.966,339.525,345.08,356.359,346.365,343.926,330.968,364.774,378.283
27600,338.396,382.001,372.193,380.848,341.094,392.703,374.126,360.823,443.095,379.796,372.533,366.117,339.525,346.205,357.237,348.3,345.731,332.746,364.774,378.283
27700,338.396,382.001,372.193,384.808,341.094,393.697,376.12,362.724,443.095,380.655,372.533,366.117,339.525,346.653,358.403,349.268,346.619,333.636,366.715,381.241
27800,338.999,382.687,373.193,384.808,342.094,393.697,377.117,362.724,444.083,380.655,373.343,366.117,340.508,347.052,358.452,349.268,347.079,334.552,366.98,381.241
27900,342.3,383.376,374.192,385.659,342.094,394.69,377.117,363.676,445.911,381.54,375.8,367.104,342.476,347.922,360.401,349.268,349.726,335.013,368.185,381.241
28000,342.603,384.61,375.192,386.65,343.093,396.561,379.111,363.676,447.889,383.521,375.8,367.441,345.429,348.786,360.401,349.367,350.618,336.363,368.925,382.228
28100,343.447,385.572,376.191,387.919,344.093,396.561,379.269,363.985,449.868,384.387,375.8,367.967,346.591,350.721,360.401,350.351,351.511,336.363,369.157,382.228
28200,344.292,386.535,376.191,390.889,345.093,397.555,381.105,365.034,449.868,385.753,377.637,369.584,347.574,351.118,360.45,350.561,351.962,337.249,369.899,383.214
28300,345.984,388.46,376.299,391.879,346.117,397.555,382.027,365.034,450.857,386.12,377.637,371.553,348.558,352.087,360.501,352.495,353.76,337.249,369.899,383.38
28400,346.831,388.46,377.133,392.73,346.117,397.555,385.019,366.657,450.857,387.485,380.005,371.553,348.558,352.087,361.448,353.306,353.76,338.136,371.845,383.38
28500,347.679,388.46,378.132,393.859,346.117,397.669,385.019,366.947,451.846,388.353,380.396,371.553,350.527,352.632,362.399,353.306,354.198,338.136,371.845,384.61
28600,348.21,388.46,379.132,393.859,347.092,398.898,385.019,367.24,452.982,388.353,380.396,372.634,351.511,353.013,362.399,355.449,354.198,339.063,372.592,384.796
28700,348.528,388.46,379.132,394,347.144,399.02,385.019,367.904,454.814,388.353,380.396,373.43,351.689,353.624,362.399,356.91,354.674,340,372.592,385.025
28800,349.057,388.46,379.581,394.143,348.144,400.012,385.811,367.904,457.64,389.351,380.539,373.777,352.853,354.497,363.398,357.897,355.106,340,372.819,385.025
28900,349.906,388.46,381.189,394.143,348.174,400.136,387.872,369.818,457.64,390.585,380.539,374.767,352.853,354.497,363.398,357.897,355.106,340.883,374.541,385.025
29000,351.283,389.693,382.221,395.133,350.143,400.884,389.868,369.818,459.619,391.454,381.077,377.001,353.48,356.483,363.398,359.869,357.342,340.883,374.541,385.175
29100,351.283,390.656,382.633,397.257,351.142,401.643,389.868,369.818,459.762,392.818,381.077,377.001,353.48,357.476,364.397,361.681,359.146,341.766,375.293,385.966
29200,352.982,390.656,384.63,397.404,351.142,402.413,389.868,370.488,459.762,395.919,383.308,377.001,354.291,358.469,365.396,361.843,360.035,341.826,375.293,387.331
29300,352.982,390.656,385.13,399.236,352.091,402.413,390.8,372.8,461.599,398.152,383.308,377.809,355.625,358.588,365.396,361.843,360.924,342.301,375.968,387.723
29400,352.982,390.656,385.628,400.081,352.142,403.299,390.8,373.08,462.45,398.648,383.85,377.809,355.803,360.455,365.396,362.829,361.813,343.181,376.049,388.12
29500,352.982,391.203,387.625,403.051,352.204,405.288,391.798,373.648,462.45,399.516,384.775,378.621,356.434,361.448,366.165,362.829,363.142,343.471,377.025,388.125
29600,353.307,391.481,388.623,403.051,352.204,406.282,394.614,373.761,463.168,399.516,385.701,378.621,356.787,361.566,366.165,364.642,363.585,344.362,377.025,388.506
29700,354.493,391.618,389.679,403.051,353.091,407.492,394.614,373.761,463.168,399.891,385.701,378.794,357.419,361.809,367.165,365.63,365.396,345.731,378.001,388.913
29800,354.493,392.441,389.803,405.031,354.171,409.161,394.614,374.322,463.864,399.891,385.701,381.749,357.771,361.809,368.164,365.63,366.285,345.731,378.001,388.913
29900,355.348,392.441,389.803,406.021,355.17,411.151,395.612,374.322,466.01,401.633,386.626,381.749,358.232,362.802,368.164,365.63,368.067,345.731,378.001,390.877
30000,355.348,392.72,390.565,406.021,357.202,411.151,396.611,376.524,468.124,401.633,387.177,381.923,359.739,362.802,369.164,365.952,368.958,346.162,378.978,390.877
30100,355.348,392.72,390.565,406.872,358.169,412.146,396.667,376.524,470.374,401.633,388.479,381.923,359.739,365.538,370.163,365.952,368.958,346.446,379.954,390.877
30200,356.204,393.001,390.866,408.853,358.201,412.146,397.555,376.524,470.374,401.633,390.333,382.551,360.723,366.65,372.163,365.952,369.868,347.052,380.171,390.913
30300,356.204,393.68,391.931,409.844,359.139,412.249,398.554,376.524,473.483,401.633,391.261,383.541,361.707,366.65,375.161,367.104,370.326,347.829,380.171,392.868
30400,356.204,393.68,392.562,409.844,360.2,413.14,401.549,377.767,473.621,402.523,392.189,383.541,363.16,366.65,375.161,368.09,371.648,348.373,381.147,393.845
30500,356.204,394.64,393.561,410.835,361.199,414.135,403.547,379.12,476.319,405.505,394.975,385.798,363.16,368.635,376.133,369.076,372.993,348.92,381.147,393.845
30600,357.754,394.816,393.561,411.825,362.199,415.13,405.544,379.401,477.177,407.492,396.646,385.798,363.16,369.628,378.132,369.076,373.45,349.757,381.366,393.845
30700,357.754,395.88,393.926,414.223,364.198,415.13,405.544,381.041,477.177,408.377,398.7,387.778,363.853,370.621,379.132,369.584,373.909,350.019,381.366,393.845
30800,358.615,396.84,394.924,415.213,365.197,415.13,405.544,381.041,478.436,410.366,399.626,388.769,365.016,372.848,382.131,370.568,374.797,350.571,381.366,395.248
30900,359.477,398.08,394.924,415.356,365.197,415.13,405.544,381.886,480.418,410.366,399.626,389.759,366,373.841,382.131,371.214,374.797,351.404,382.123,396.225
31000,359.836,398.08,395.855,415.356,365.197,416.025,405.544,381.886,480.418,413.243,400.93,389.759,366.984,373.841,383.131,372.372,375.229,351.404,384.838,396.225
31100,360.846,398.363,395.855,416.346,368.136,416.025,406.356,383.648,480.418,414.238,401.31,391.469,366.984,374.833,384.187,373.363,375.257,352.239,385.052,397.201
31200,361.354,398.363,396.853,416.346,369.135,417.02,407.355,383.648,480.833,415.232,401.698,392.46,369.131,374.833,385.187,374.489,375.719,352.79,385.052,397.201
31300,362.571,398.363,397.85,418.325,370.195,418.115,410.352,384.884,481.142,416.227,403.565,393.721,369.131,376.818,385.187,375.48,376.65,353.344,386.028,398.178
31400,363.077,398.363,398.848,418.325,370.195,419.11,410.352,385.846,482.954,417.02,403.565,393.721,371.28,377.811,387.129,376.47,377.069,354.177,386.245,399.155
31500,363.435,398.363,398.848,418.325,371.109,421.201,412.351,386.807,482.954,417.222,405.791,394.711,371.28,378.803,388.129,376.47,378.794,354.459,386.245,400.346
31600,363.435,398.363,399.782,419.315,371.109,421.201,414.309,386.807,482.954,418.016,407.305,395.702,371.903,378.803,391.128,377.461,380.58,355.01,386.245,400.346
31700,363.94,399.04,400.844,419.315,372.109,421.201,415.435,387.769,483.542,418.016,408.24,395.702,372.634,379.051,391.128,377.461,381.923,355.01,386.245,400.346
31800,363.94,400.96,400.844,419.315,373.086,423.19,417.235,389.693,484.366,418.016,408.24,396.693,373.616,379.051,391.128,379.443,381.923,355.01,386.245,400.346
31900,364.803,400.96,403.775,419.315,373.086,423.19,417.235,390.656,484.366,418.32,409.176,396.693,374.509,379.676,393.127,380.707,382.368,355.844,386.245,401.323
32000,365.164,401.92,403.903,420.06,374.086,424.185,417.479,390.656,484.484,418.32,409.176,397.683,377.297,381.662,393.154,380.911,382.368,357.224,387.005,401.538
32100,365.164,401.92,404.773,420.534,374.086,426.277,418.478,390.656,486.47,418.32,409.176,397.683,378.283,382.655,394.154,383.888,382.368,359.79,387.982,402.515
32200,365.667,401.92,405.71,421.521,374.226,427.07,419.477,391.618,486.59,418.427,409.176,398.674,379.436,382.774,395.153,383.888,385.507,360.436,388.336,402.515
32300,366.03,401.92,406.709,421.521,375.085,427.272,420.476,392.312,487.829,418.427,411.985,400.656,380.422,382.774,395.153,384.76,386.846,360.436,391.257,402.515
32400,366.442,401.92,406.769,421.848,376.033,428.165,421.574,393.01,488.697,418.914,411.985,400.656,381.408,383.888,395.182,384.76,388.202,361.845,391.257,402.515
32500,368.392,402.881,407.767,422.834,377.033,430.359,421.628,393.712,488.697,418.914,411.985,400.656,381.577,384.76,395.182,384.76,389.102,363.902,392.231,403.708
32600,369.391,402.881,408.765,423.987,377.033,431.15,422.474,393.712,490.682,421.9,412.923,402.374,383.38,384.76,395.182,386.745,389.539,365.548,394.179,403.708
32700,370.39,402.881,408.765,424.156,377.048,431.15,422.474,395.204,490.682,423.891,413.978,402.374,384.366,385.753,397.364,386.866,391.318,365.548,394.707,404.684
32800,370.39,402.881,408.765,424.156,378.048,431.459,424.471,395.204,491.798,423.891,416.56,404.358,385.519,386.628,400.361,386.866,391.318,367.082,396.659,405.66
32900,371.389,402.881,409.763,425.141,378.048,432.453,424.471,397.132,492.311,425.883,418.428,406.341,386.674,387.621,400.405,387.981,392.216,367.723,397.634,405.66
33000,372.435,403.352,411.588,426.127,378.065,435.032,424.736,397.132,492.428,425.883,419.363,406.47,387.491,387.621,400.405,387.981,393.554,367.851,397.634,407.074
33100,372.435,405.346,411.588,428.098,379.001,437.023,425.677,397.132,493.304,425.883,419.363,407.333,388.645,387.738,401.45,387.981,393.997,367.851,397.634,407.074
33200,373.434,407.339,412.587,428.917,380.001,437.12,425.857,397.574,493.304,426.878,419.363,408.325,388.645,389.724,402.449,388.973,395.338,368.365,397.634,408.271
33300,373.434,407.339,412.587,429.253,380.001,440.106,427.853,397.574,496.058,426.878,419.719,408.325,389.631,389.844,403.402,388.973,398.026,370.419,398.61,408.495
33400,375.329,408.336,413.586,429.903,380.001,440.106,427.853,400.472,497.829,426.973,420.653,408.325,390.12,390.601,403.402,389.965,399.821,371.183,399.586,409.469
33500,375.329,408.336,415.583,429.903,380.001,440.106,428.851,400.472,498.931,428.065,421.587,408.325,390.12,390.601,404.358,389.965,400.262,371.183,399.805,411.418
33600,375.329,409.332,418.527,431.056,381.001,441.101,428.851,400.731,498.931,428.065,423.457,408.325,391.107,390.601,405.357,390.836,400.706,371.183,400.562,412.393
33700,376.198,409.414,418.579,432.042,382.001,442.195,429.849,400.731,499.818,428.065,423.812,409.067,392.094,391.082,405.357,391.082,402.492,372.592,401.756,413.368
33800,376.198,410.411,419.577,433.028,382.001,444.185,429.849,401.183,501.702,428.065,424.17,412.045,394.069,391.082,405.4,392.074,402.492,373.237,401.976,414.343
33900,376.261,410.411,419.577,434.014,383,444.185,429.849,403.118,502.697,429.061,425.913,413.038,394.897,391.369,406.315,392.074,402.498,374.532,402.199,414.343
34000,376.261,412.404,419.577,434.014,383.001,444.285,432.723,403.118,502.697,429.061,427.787,414.03,396.203,392.074,407.355,392.2,404.283,374.767,402.515,415.541
34100,377.69,412.404,420.576,434.014,383.69,445.28,432.723,404.339,502.801,429.061,428.725,414.03,396.203,392.363,407.355,393.581,404.353,375.533,402.952,415.541
34200,377.69,412.488,422.573,434.836,385.001,445.28,432.723,405.306,503.796,430.345,431.539,414.03,396.873,394.058,407.355,393.6,405.177,376.942,403.491,416.293
34300,378.107,413.241,422.573,434.836,385.001,446.275,434.719,405.561,503.796,431.051,431.539,415.145,397.03,394.184,407.355,395.568,406.159,376.942,403.491,418.025
34400,379.423,415.235,424.52,434.836,386.012,447.269,434.719,406.273,505.785,432.339,431.539,416.89,397.19,394.184,409.396,396.561,407.063,377.709,404.468,418.025
34500,379.423,416.232,424.52,435.822,386.012,448.068,435.718,407.241,506.779,432.339,432.478,417.883,397.19,394.184,411.394,396.561,407.063,377.709,405.231,419.001
34600,379.922,417.229,424.52,436.647,386.012,448.264,436.66,407.241,507.774,436.327,434.7,417.883,397.706,395.051,411.394,397.555,408.872,378.477,407.398,419.001
34700,380.789,417.307,426.517,436.647,386.012,448.264,436.716,410.144,508.768,437.403,436.578,418.001,398.018,396.043,411.394,399.542,409.777,378.477,407.613,419.762
34800,380.789,417.307,427.516,438.622,387.683,449.259,436.716,411.112,509.66,438.399,437.269,418.876,399.682,396.043,411.394,399.542,409.777,378.477,408.375,420.954
34900,381.106,417.307,428.515,439.609,388.742,449.361,437.715,413.299,510.757,441.236,437.617,418.876,399.682,396.97,413.392,400.425,411.107,378.609,408.375,420.954
35000,382.106,417.47,429.564,440.596,391.798,450.672,438.713,414.267,510.862,441.236,438.456,419.869,399.682,396.97,413.437,400.425,411.107,378.609,408.375,421.293
35100,382.154,418.466,429.616,441.584,393.732,451.775,438.713,414.519,511.649,441.312,438.456,419.869,400.671,397.287,414.436,400.425,411.588,380.154,408.725,421.293
35200,383.033,418.551,430.562,441.584,393.732,452.244,438.713,415.954,511.649,441.312,440.083,419.869,402.497,397.287,414.436,401.419,412.495,380.928,408.725,421.293
35300,384.387,418.728,431.511,442.73,393.732,453.34,440.501,415.954,511.649,442.309,440.429,419.869,404.475,397.287,414.483,401.419,413.824,380.928,410.682,424.021
35400,384.387,420.72,432.51,443.717,393.732,453.34,440.501,415.954,512.644,443.306,441.367,420.862,405.464,397.287,417.479,401.419,414.248,381.072,410.682,425
35500,386.005,421.716,432.56,443.717,394.73,453.34,440.601,415.954,514.634,444.303,442.064,420.862,405.765,398.152,418.478,401.419,414.673,381.072,410.888,425.575
35600,388,421.807,433.559,444.546,394.73,454.335,441.599,416.923,514.634,444.882,442.064,421.855,405.765,398.152,420.476,401.419,415.101,381.849,410.888,425.979
35700,388,421.807,435.415,445.377,394.792,455.23,442.598,416.923,515.629,445.88,443.001,422.849,406.753,400.136,421.523,401.419,415.217,383.256,412.238,426.755
35800,388,422.711,436.414,446.365,395.728,456.324,442.598,416.923,515.629,446.817,443.938,424.199,406.907,401.383,421.574,401.419,416.005,384.034,414.198,427.735
35900,388.726,423.619,438.412,447.509,396.727,458.314,445.594,417.892,516.725,448.813,444.64,425.192,406.907,401.383,422.474,403.407,416.434,384.813,414.198,430.674
36000,390.959,424.615,438.456,449.484,396.727,458.416,445.594,418.134,516.725,448.874,444.64,425.192,407.741,401.383,424.471,403.517,416.434,384.813,416.944,431.654
36100,390.959,425.611,440.454,449.641,397.725,458.416,445.647,418.868,519.509,449.872,444.64,425.192,408.431,401.383,424.471,404.293,416.909,385.13,418.906,432.634
36200,391.454,426.608,441.453,450.787,397.725,458.926,445.702,418.868,521.599,451.749,446.75,426.488,408.431,401.383,424.471,404.293,417.337,385.914,419.887,433.614
36300,391.95,427.604,441.453,451.616,398.723,458.926,446.7,420.811,523.589,452.691,446.75,427.591,409.42,403.113,424.679,404.293,417.337,387.487,420.868,433.614
36400,391.95,427.604,443.407,452.604,398.723,461.503,446.7,423.728,525.78,452.691,448.282,431.354,409.42,403.511,425.735,404.293,417.813,388.274,421.849,433.614
36500,391.95,427.604,443.451,452.604,401.718,461.715,447.699,424.7,525.78,452.929,449.222,432.348,410.41,403.511,425.735,404.293,417.813,388.274,422.831,433.614
36600,391.95,429.596,444.45,453.591,402.602,461.825,447.699,425.171,526.38,453.746,451.101,432.348,410.859,403.511,425.735,404.293,418.199,388.274,423.812,434.594
36700,392.983,429.596,445.449,453.749,402.777,462.709,449.589,426.878,526.38,454.925,452.981,433.24,410.859,404.827,426.62,404.623,418.199,389.063,424.794,434.594
36800,393.468,430.593,446.448,454.736,404.599,462.709,452.535,427.85,527.978,454.925,455.544,434.235,411.847,405.228,426.676,405.114,418.632,389.063,424.794,434.594
36900,393.954,431.589,448.446,456.044,404.599,463.001,455.532,427.85,527.978,455.861,456.483,434.235,413.824,406.037,427.674,408.01,418.718,389.063,425.776,435.378
37000,393.954,431.589,448.446,457.031,404.599,463.597,456.53,428.823,527.978,456.859,456.826,435.332,413.824,406.037,428.73,408.718,418.718,390.466,426.948,435.378
37100,395.612,431.676,448.492,458.18,405.494,463.597,456.53,431.741,529.079,456.921,457.765,436.327,414.291,406.951,428.73,409.763,421.171,390.466,427.551,437.146
37200,396.97,431.676,449.491,459.331,405.494,464.51,459.48,432.714,529.188,457.984,458.628,436.431,414.812,406.951,428.73,409.763,423.405,390.466,427.551,437.146
37300,396.97,431.676,449.539,460.317,407.491,465.626,460.479,432.714,529.188,459.979,458.628,437.64,414.812,407.865,428.73,409.763,423.817,390.466,428.123,438.128
37400,396.97,431.676,449.539,462.455,407.491,466.619,461.434,433.979,529.967,461.043,460.513,438.858,415.438,407.865,428.73,409.763,424.317,390.466,428.534,439.109
37500,397.452,431.904,449.539,463.609,407.491,467.736,463.35,434.732,530.961,461.112,464.284,439.966,415.438,408.78,429.671,409.941,424.728,393.402,429.104,440.091
37600,398.328,431.904,451.536,463.778,408.77,468.728,463.432,434.732,532.062,462.041,466.172,441.076,417.253,410.099,429.671,410.908,424.728,393.402,429.148,441.073
37700,398.328,432.339,452.585,463.949,409.489,468.728,465.348,435.633,532.062,462.041,468.06,442.069,418.24,410.099,429.671,411.874,425.141,394.2,431.066,441.073
37800,398.422,432.339,454.533,464.123,409.674,470.588,466.31,435.864,533.841,462.041,468.39,442.946,419.386,410.099,429.671,412.045,425.556,394.802,433.222,441.073
37900,398.422,435.652,455.633,466.092,410.67,471.458,468.309,438.041,534.051,462.041,469.334,443.062,419.386,411.928,429.728,412.84,426.466,394.802,434.203,442.054
38000,399.4,435.652,457.797,466.092,411.851,471.458,468.309,438.041,534.051,464.037,470.608,444.055,419.386,413.76,430.726,413.098,427.376,394.802,434.397,442.439
38100,399.891,435.877,457.797,466.905,413.842,471.458,469.308,438.041,534.051,464.037,471.275,444.055,423.336,413.76,431.724,413.807,428.7,396.203,434.397,443.227
38200,400.271,436.646,457.797,467.89,413.937,473.347,470.272,438.553,534.051,465.783,472.217,444.416,424.482,414.676,432.723,415.74,428.7,396.807,435.574,445.382
38300,400.271,436.646,457.919,468.875,414.933,473.347,471.272,441.249,534.379,466.84,473.494,445.048,428.118,415.194,432.723,415.74,429.61,397.404,435.574,447.153
38400,400.385,438.097,458.436,468.875,414.933,473.347,472.271,442.001,534.734,467.839,473.831,445.048,430.094,415.194,433.721,417.221,431.567,397.404,435.574,449.361
38500,400.762,438.339,459.436,468.875,414.933,474.774,473.342,443.423,537.36,467.839,474.773,445.048,431.082,416.112,433.721,417.929,432.02,399.011,435.574,451.328
38600,403.299,440.202,459.915,469.221,414.933,474.861,474.422,443.423,538.354,468.898,475.714,445.048,432.224,417.03,433.841,419.863,432.474,400.031,436.213,451.328
38700,404.293,440.202,460.435,470.381,415.928,475.946,476.42,444.623,539.348,468.898,476.993,446.041,433.748,417.03,434.839,420.83,432.474,400.406,436.213,451.328
38800,404.293,440.202,464.431,470.558,416.025,476.942,476.463,445.597,539.348,468.961,478.272,446.041,435.726,418.344,435.837,421.797,434.256,401.061,436.953,453.296
38900,404.401,441.195,464.431,471.542,416.227,476.942,477.419,446.571,539.348,468.961,478.272,446.041,437.704,418.742,435.837,422.568,434.256,402.683,437.933,454.28
39000,404.401,441.195,464.521,471.542,417.02,476.942,477.462,446.571,541.335,469.896,478.272,446.159,439.683,418.742,436.835,422.568,435.147,402.683,438.135,456.248
39100,405.395,441.195,466.348,472.526,418.016,476.942,480.504,446.571,542.329,471.954,479.213,447.152,439.683,419.659,436.835,425.466,435.147,403.496,439.114,457.232
39200,405.395,441.316,466.348,474.853,418.016,478.934,480.504,447.772,542.441,471.954,479.213,447.152,442.651,420.058,437.833,426.691,435.147,406.754,441.073,460.185
39300,407.383,441.316,467.386,477.184,418.427,479.025,480.504,447.772,543.323,471.954,482.037,448.145,442.797,420.058,437.833,426.691,436.931,406.754,441.654,461.169
39400,409.371,442.309,467.386,478.968,419.315,480.926,481.503,448.746,543.323,471.954,482.037,451.243,444.63,420.975,437.833,426.691,436.931,408.965,441.654,461.979
39500,409.371,442.432,468.386,480.935,419.315,480.926,481.503,449.494,544.779,472.83,482.037,451.243,444.775,420.975,437.833,427.142,438.728,411.752,441.654,464.934
39600,410.366,442.557,469.385,482.722,421.304,481.017,483.501,450.469,545.77,473.828,482.645,452.236,445.911,420.975,437.833,427.142,439.167,412.569,442.832,464.934
39700,410.366,442.685,469.426,482.902,421.304,482.012,483.501,450.694,546.761,473.828,483.588,452.236,446.061,420.975,437.833,427.855,439.167,412.569,442.832,465.108
39800,410.366,443.181,469.426,483.707,423.293,482.012,486.544,452.642,548.019,473.828,485.474,452.356,446.061,422.384,437.833,429.791,439.167,413.726,442.832,466.905
39900,410.366,444.285,469.426,483.707,423.293,482.918,487.497,452.642,549.01,473.828,485.807,452.479,446.609,424.125,437.833,430.759,439.167,416.663,444.595,467.89
40000,410.366,444.285,469.47,486.399,423.293,483.008,488.59,454.07,549.01,474.768,488.636,453.596,447.2,425.042,438.552,431.727,440.511,417.484,446.557,468.062
40100,410.366,444.285,470.469,488.181,423.293,483.008,489.589,455.044,550.992,474.768,488.636,453.596,447.599,425.042,439.551,432.695,441.847,417.484,447.538,469.221
40200,411.254,444.387,470.469,489.165,424.005,485,491.586,456.018,551.983,474.768,489.579,454.341,448.589,426.358,440.601,432.695,442.741,418.306,448.519,470.032
40300,411.468,444.387,470.469,490.331,424.011,485,493.584,456.018,552.974,474.768,489.579,454.463,449.579,426.358,440.654,432.695,443.636,419.129,449.5,471.017
40400,411.468,445.048,470.469,490.331,425.011,487.988,493.633,456.018,554.956,475.079,491.798,454.463,451.558,426.469,441.708,433.416,443.636,419.952,449.5,471.017
40500,412.354,446.275,470.469,490.331,426.011,488.079,493.739,456.247,554.956,477.074,493.073,454.463,451.558,426.517,441.708,434.385,444.978,420.777,449.694,471.663
40600,412.354,446.275,471.514,491.314,426.011,488.079,493.794,456.247,556.081,477.074,493.073,454.463,451.558,428.422,441.708,434.632,444.978,421.865,449.694,472.649
40700,413.14,446.275,473.511,491.314,426.011,488.079,496.79,456.991,558.198,478.072,493.407,456.327,453.398,428.591,441.708,435.354,445.426,421.865,449.694,473.635
40800,414.343,447.371,474.51,492.297,426.019,488.172,497.905,457.965,558.198,478.072,494.016,456.327,453.398,430.425,443.705,436.323,446.346,422.405,449.694,474.621
40900,415.444,447.371,474.51,492.297,426.175,488.984,497.905,457.965,558.198,478.072,494.96,456.327,453.398,430.824,443.705,437.293,447.666,422.405,450.099,475.442
41000,417.326,447.371,474.51,493.28,427.272,488.984,498.903,457.965,558.335,478.072,497.178,456.327,454.389,430.824,443.705,438.262,449.494,422.405,453.234,475.442
41100,418.216,447.371,475.464,496.23,428.266,489.98,498.964,457.965,558.335,478.21,500.34,457.69,454.389,431.741,444.072,438.262,449.9,423.254,453.234,475.442
41200,418.32,447.371,475.464,496.412,429.261,490.163,498.964,459.913,559.054,480.135,502.227,458.312,454.389,432.658,445.072,439.232,450.308,423.254,454.216,475.774
41300,418.427,447.371,476.463,498.017,429.261,491.159,500.84,460.663,560.045,480.135,503.502,458.312,455.242,433.057,445.072,439.232,450.814,424.081,455.58,476.929
41400,418.427,447.371,476.463,499.001,429.261,492.154,500.84,460.663,560.045,480.135,504.445,458.312,456.232,434.373,446.072,439.232,452.134,424.081,457.542,476.929
41500,419.421,447.475,477.105,499.545,430.256,492.154,501.023,460.663,560.736,480.135,505.389,458.312,457.194,435.29,448.055,439.72,453.047,424.643,459.698,476.929
41600,419.421,447.8,477.127,500.712,431.019,492.154,501.839,461.114,560.736,480.937,505.389,458.312,457.223,435.29,448.071,440.202,453.047,424.643,460.089,476.929
41700,420.233,447.8,479.067,500.712,434.018,494.146,503.019,461.343,561.726,482.2,507.277,459.186,458.489,435.29,449.071,440.202,454.824,425.207,460.288,477.092
41800,422.195,449.464,480.067,501.695,434.029,495.235,503.019,461.637,561.726,482.2,507.607,459.186,459.331,435.29,450.054,440.202,455.267,425.207,462.05,480.054
41900,423.19,449.464,481.084,501.881,434.056,495.235,506.077,461.637,563.706,483.198,508.882,460.793,459.331,435.69,451.054,440.454,456.607,425.455,462.05,483.017
42000,424.185,449.788,482.084,502.07,435.056,496.231,507.141,461.637,564.838,483.198,511.434,461.785,460.317,435.69,452.054,442.143,457.053,425.455,463.432,483.017
42100,427.17,449.9,482.104,502.07,436.01,496.231,507.209,461.637,564.838,484.266,513.273,461.785,462.29,438.041,453.054,442.143,457.053,425.772,464.414,483.848
42200,428.065,450.014,482.104,502.07,436.01,496.231,509.071,462.082,564.838,484.266,513.601,462.776,462.29,438.041,453.054,442.143,457.053,426.597,464.414,485.979
42300,429.261,450.014,483.051,502.452,436.01,496.231,510.069,462.502,564.982,484.753,513.601,463.897,463.276,438.564,453.054,442.797,457.053,427.121,465.207,486.967
42400,430.155,450.672,483.051,502.646,436.01,496.231,510.069,463.249,564.982,485.412,513.892,464.027,465.58,438.564,454.054,443.497,457.053,427.121,465.396,486.967
42500,430.256,450.672,483.149,503.433,437.01,498.128,511.067,463.985,566.961,487.259,514.838,464.027,465.749,438.564,454.054,447.457,457.053,428.553,466.19,487.124
42600,430.256,451.008,485.174,504.415,437.01,499.124,511.067,464.957,566.961,487.406,514.838,464.159,465.749,442.242,458.053,447.457,458.394,429.121,466.19,489.099
42700,432.145,451.008,485.174,505,437.01,500.029,512.13,464.957,566.961,488.329,516.289,464.159,467.72,443.162,459.039,448.308,459.289,430.768,466.412,489.099
42800,433.14,451.008,485.174,505.807,437.018,500.029,512.338,464.957,566.961,488.59,518.51,466.142,467.72,443.308,460.027,449.298,459.289,431.592,467.39,489.258
42900,436.125,452.117,486.148,506.582,437.093,500.029,513.062,464.957,566.961,490.494,518.51,467.133,468.875,444.231,460.027,449.579,459.343,434.633,467.39,490.087
43000,436.125,452.117,486.148,506.582,437.093,500.936,513.062,466.669,567.665,490.633,520.389,468.257,468.875,444.231,460.027,450.569,459.343,434.633,468.159,490.087
43100,436.125,452.117,487.148,507.765,438.138,500.936,513.876,466.669,567.706,491.449,520.389,468.393,469.691,445.004,460.039,450.712,461.525,434.633,468.367,490.087
43200,437.023,452.117,490.172,507.765,438.138,501.023,513.876,466.669,569.836,493.406,521.671,469.115,469.691,445.657,460.039,451.701,464.211,434.633,468.367,491.232
43300,437.22,453.988,490.172,508.744,439.138,502.021,514.333,466.669,571.812,493.406,522.611,472.089,470.677,447.098,461.017,452.691,465.108,434.94,468.367,492.062
43400,438.115,454.981,490.172,508.744,440.137,502.021,515.33,466.669,571.967,493.406,523.55,472.089,470.846,447.889,461.017,452.691,465.108,434.94,468.531,493.05
43500,438.115,455.097,492.123,508.744,441.137,502.021,515.33,466.669,572.8,494.405,523.55,472.221,471.497,447.889,461.017,452.691,465.551,436.079,469.513,494.037
43600,438.316,456.09,494.122,508.744,441.137,502.021,515.33,466.669,572.8,494.405,523.55,472.221,471.497,448.807,462.01,452.691,466.447,437.723,469.754,494.194
43700,438.42,456.09,494.122,510.304,441.163,502.021,516.871,467.642,573.428,494.405,523.893,472.221,472.483,449.725,463.01,453.681,466.892,437.723,470.738,494.871
43800,438.42,457.083,494.122,510.304,442.137,502.78,516.871,467.642,573.428,494.405,523.893,473.08,473.305,451.04,463.01,453.681,467.787,437.723,473.689,494.871
43900,439.414,458.076,494.122,511.286,442.163,503.779,519.866,468.386,574.415,495.365,524.238,473.08,474.144,451.04,464.01,455.66,467.787,437.723,473.869,495.182
44000,440.204,458.076,495.082,512.268,443.113,505.431,520.865,470.333,574.415,497.257,525.522,473.762,474.144,451.04,466.001,457.64,467.787,437.723,473.869,495.182
44100,441.403,460.179,495.082,512.268,444.113,506.428,520.865,470.333,575.402,498.257,526.46,473.762,474.292,451.04,467,460.609,467.787,437.723,474.673,496.847
44200,441.726,460.298,495.122,512.268,444.113,507.425,521.863,470.333,576.39,498.257,526.46,473.762,476.266,451.563,467.001,461.599,470.476,437.799,474.673,496.847
44300,441.838,460.298,495.122,513.061,445.112,507.425,523.86,470.333,576.39,498.257,526.806,474.752,479.226,451.563,467.001,462.875,470.476,438.292,475.479,497.534
44400,441.952,461.172,495.122,514.231,445.112,508.422,524.748,470.333,576.39,499.256,527.505,475.742,480.538,451.563,468.01,463.021,470.476,439.369,475.479,498.523
44500,443.091,461.936,496.122,515.214,445.112,509.495,525.746,470.561,578.364,500.682,528.682,475.742,481.69,451.837,470.01,465.146,470.919,440.193,476.463,498.523
44600,444.087,461.936,497.122,515.214,445.112,509.495,525.746,470.561,578.524,501.519,529.621,475.883,483.662,452.482,471.017,467.124,471.365,441.018,476.463,499.512
44700,444.185,461.936,497.122,516.196,445.112,510.361,527.691,470.561,579.418,501.519,529.621,476.873,483.662,455.634,471.017,467.273,471.816,441.281,477.184,500.501
44800,445.048,462.166,498.081,516.196,445.112,510.361,527.691,471.535,580.339,502.439,530.559,476.873,485.149,457.341,471.017,467.273,473.155,441.281,478.432,500.501
44900,446.041,462.283,498.081,516.196,446.136,512.328,527.691,471.535,581.485,502.439,530.559,476.873,486.137,458.26,471.027,468.262,473.155,442.109,478.432,500.65
45000,446.041,463.159,499.081,516.385,447.135,512.328,528.69,474.455,582.472,503.436,530.559,476.873,487.955,459.179,472.038,469.25,473.155,442.109,479.593,500.65
45100,446.041,463.159,499.081,516.991,448.071,512.509,528.69,474.455,582.472,503.838,530.905,476.873,488.112,459.179,474.038,470.239,473.155,442.937,479.771,503.468
45200,448.028,463.396,499.081,517.707,448.071,512.509,529.689,474.455,584.607,505.431,531.016,477.31,489.099,461.017,474.038,470.389,473.155,442.937,480.935,503.468
45300,448.145,464.152,499.081,519.659,448.135,512.509,530.589,475.203,584.768,505.431,531.016,477.863,490.087,461.411,474.052,471.378,473.6,442.937,481.918,504.457
45400,448.145,464.389,499.081,520.634,450.134,513.492,531.636,475.203,585.276,505.431,532.888,479.843,492.219,462.33,475.038,471.378,474.496,443.208,481.918,504.457
45500,448.264,465.503,499.081,520.634,451.134,514.48,532.587,475.203,585.276,505.831,533.825,480.833,492.219,462.33,475.085,471.378,474.496,443.208,482.902,504.457
45600,448.51,465.503,499.081,520.634,452.134,514.48,532.587,475.203,585.755,505.831,534.762,480.975,493.207,462.33,477.085,471.378,475.836,444.038,484.066,505.446
45700,449.021,465.503,500.049,520.634,454.11,514.48,532.635,476.42,588.716,506.827,535.112,481.965,493.207,463.249,478.105,473.355,476.732,444.595,484.869,507.425
45800,449.021,465.911,501.081,521.177,455.11,515.459,532.685,476.42,588.716,507.824,535.464,481.965,493.366,463.919,478.105,473.659,477.627,446.813,485.853,510.539
45900,449.021,466.024,501.081,521.829,457.158,515.459,532.685,478.093,588.716,508.82,535.942,482.954,494.353,463.919,479.104,473.659,479.42,447.371,485.853,510.687
46000,449.628,466.024,502.049,522.586,458.157,515.64,533.683,478.351,591.676,508.82,537.82,483.944,494.353,464.321,479.104,473.814,479.864,448.038,487.295,511.977
46100,449.628,467.017,503.049,522.586,458.157,516.443,533.683,479.059,592.663,510.649,537.82,483.944,494.353,464.957,479.126,474.558,479.864,448.612,488.28,512.13
46200,450.62,467.017,503.049,522.586,458.157,516.475,533.788,479.101,593.651,510.649,538.272,484.641,494.353,464.957,480.104,474.802,479.864,449.431,489.265,513.118
46300,450.62,467.017,503.049,523.13,458.157,516.475,534.842,480.3,594.638,510.649,538.272,484.641,494.718,464.957,481.126,475.429,479.864,450.006,490.08,513.273
46400,451.612,467.017,504.049,523.13,460.132,516.475,534.842,480.993,594.798,510.649,538.272,486.597,494.718,466.794,482.126,475.429,480.343,451.399,491.684,513.43
46500,453.596,467.68,504.049,525.084,461.131,517.313,534.842,481.96,595.625,511.726,538.272,486.597,495.556,466.794,483.084,476.303,483.011,451.399,491.872,513.43
46600,453.596,468.675,504.063,525.084,461.156,518.279,535.681,481.96,595.625,511.726,538.272,486.597,495.556,467.069,483.084,477.415,483.902,451.399,491.872,515.094
46700,453.722,469.004,505.063,526.061,461.156,518.279,536.68,481.96,596.772,512.563,539.103,486.806,495.663,467.985,483.084,477.415,486.138,452.792,493.044,516.082
46800,453.722,469.998,506.063,526.061,462.183,518.924,537.678,481.96,597.759,512.563,539.103,486.806,497.636,468.902,483.084,479.401,486.138,453.61,493.044,517.071
46900,454.588,469.998,506.08,526.061,462.183,519.119,537.678,481.96,601.207,512.563,540.042,486.806,497.636,468.902,483.084,479.401,487.029,455.003,493.044,517.224
47000,454.588,470.992,508.063,526.826,462.183,520.1,539.727,482.846,601.373,512.563,540.042,487.784,498.623,469.819,484.066,479.401,488.374,455.003,493.235,517.224
47100,455.58,471.985,509.08,526.826,462.183,520.1,539.727,483.451,601.373,513.56,540.981,487.784,499.61,469.819,484.066,480.394,488.374,455.003,496.179,518.212
47200,455.58,472.099,509.08,527.804,462.212,521.081,539.78,483.827,602.526,513.56,542.859,488.971,500.597,469.819,484.066,480.394,489.265,455.003,497.161,518.212
47300,455.706,473.092,509.08,528.782,463.182,523.042,540.675,484.434,602.526,513.56,545.678,489.949,501.583,470.737,484.066,481.387,490.156,455.58,497.161,518.212
47400,455.965,473.092,509.08,529.759,465.182,523.345,541.577,485.416,602.526,514.557,546.619,490.927,503.557,470.737,484.066,481.387,490.156,456.158,497.953,518.896
47500,457.054,473.092,511.079,529.759,465.182,525.344,541.577,486.399,602.526,514.557,547.559,491.696,504.544,470.737,484.066,483.491,491.048,456.737,497.953,519.885
47600,457.054,473.092,511.079,531.715,465.182,525.344,546.619,486.399,602.864,514.557,547.559,492.264,504.544,470.737,485.174,483.491,491.048,456.737,498.334,520.873
47700,457.054,473.973,512.079,532.693,465.182,525.344,548.616,486.963,603.367,514.716,548.5,492.264,505.693,471.135,486.148,483.735,491.048,457.552,498.334,520.873
47800,458.053,473.973,512.079,532.902,466.13,525.381,548.616,487.945,604.665,514.716,549.441,492.264,507.666,472.052,486.148,484.605,491.94,459.184,500.297,520.873
47900,459.07,473.973,513.079,535.068,466.13,526.38,548.616,487.945,604.665,514.736,549.441,493.243,508.653,472.052,487.148,485.598,491.94,459.426,500.49,521.862
48000,460.088,473.973,513.079,535.836,466.13,526.38,549.524,487.945,604.665,515.834,549.441,493.243,508.653,472.573,489.147,486.47,494.62,459.762,500.49,521.862
48100,461.053,473.973,513.079,535.836,468.087,526.38,549.714,488.33,605.82,515.834,550.382,493.243,508.815,472.852,489.147,488.456,496.856,459.762,501.665,522.012
48200,461.053,474.966,514.429,535.836,468.087,526.773,549.714,488.737,605.82,516.829,550.382,493.243,508.815,472.852,490.147,488.575,497.302,459.762,501.665,522.012
48300,461.053,475.96,515.428,536.814,468.087,527.379,550.44,489.719,607.322,517.929,551.323,494.631,510.467,473.491,490.147,490.682,498.197,460.578,502.452,523.153
48400,462.044,475.96,515.428,536.814,468.087,528.379,551.711,489.719,607.497,518.036,552.264,494.631,514.261,473.491,490.147,491.675,499.538,460.578,503.433,523.84
48500,463.168,477.948,515.428,536.814,468.517,529.378,551.711,489.908,607.674,518.545,552.264,494.631,514.261,474.017,492.123,493.539,499.538,460.578,504.223,523.84
48600,463.168,477.948,515.428,536.814,468.517,529.378,552.71,490.099,607.674,520.539,552.264,494.838,514.417,474.41,492.123,493.539,501.328,461.395,504.624,524.829
48700,464.039,477.948,517.035,536.814,471.086,529.718,552.761,491.08,608.307,520.539,552.264,495.816,515.248,475.329,492.123,494.532,501.328,461.395,505.205,525.817
48800,465.88,480.047,518.035,536.814,471.086,530.7,552.815,491.08,609.291,522.533,552.264,495.816,517.224,475.724,492.123,495.525,502.224,461.504,506.377,525.817
48900,466.872,480.047,518.035,536.814,471.086,530.7,553.813,492.062,611.088,523.225,554.148,496.181,517.224,475.724,492.123,496.638,502.224,462.135,506.377,526.806
49000,467.863,481.154,520.035,536.814,471.106,530.7,553.813,492.062,611.261,523.455,555.09,496.181,517.224,476.403,492.123,496.638,502.224,462.9,507.359,527.795
49100,468.855,481.154,522.034,537.235,471.106,531.34,555.36,492.062,612.074,525.212,555.09,496.795,517.224,476.403,493.146,496.759,503.12,463.484,507.359,529.774
49200,468.855,481.154,523.034,538.369,471.832,531.34,556.325,493.697,612.074,525.212,555.699,496.795,518.212,476.642,495.145,496.759,506.27,463.712,508.34,529.774
49300,469.847,481.269,527.034,539.167,471.832,532.663,556.325,493.697,614.044,526.317,555.699,496.795,518.599,476.917,496.145,497.009,508.506,464.526,508.532,530.763
49400,469.847,481.387,527.034,539.541,472.038,532.854,557.324,494.662,614.216,526.317,555.699,496.795,519.2,477.213,496.145,497.875,508.506,465.108,508.532,531.752
49500,469.847,481.506,527.061,539.541,474.038,532.854,558.323,494.662,615.201,527.311,556.642,497.773,519.588,478.089,497.122,499.86,508.506,465.576,510.495,532.741
49600,470.839,481.506,528.046,539.541,475.052,533.457,558.358,494.927,615.201,528.194,558.528,498.389,520.5,478.089,499.121,499.86,508.506,466.393,511.476,532.741
49700,471.58,481.506,528.046,540.334,476.051,535.412,558.358,494.927,616.831,528.194,558.528,499.381,521.279,479.401,499.121,500.729,509.405,466.393,512.458,532.741
49800,471.58,482.62,528.046,540.334,477.067,536.493,558.358,497.555,617.649,528.194,561.36,500.372,521.567,480.713,499.121,501.722,509.405,467.21,512.65,533.73
49900,472.089,482.62,529.046,540.334,478.067,536.537,559.358,497.819,618.802,529.188,561.36,501.363,523.463,481.633,499.144,501.722,511.203,467.21,512.844,533.877
50000,472.95,482.62,529.046,540.52,479.085,537.582,559.358,498.52,618.802,529.589,561.976,501.363,523.463,481.633,499.144,502.096,511.203,468.028,512.844,534.177
